n,t,Ref,Erro,U,Y
1,0.00223719,1,1,2.54639,0.204842
2,0.00447438,1,0.795158,1.02237,0.597495
3,0.00671157,1,0.402505,0.40842,0.911003
4,0.00894876,1,0.088997,0.396223,1.07034
5,0.011186,1,-0.0703418,0.627762,1.10608
6,0.0134231,1,-0.106077,0.865441,1.07874
7,0.0156603,1,-0.0787377,1.01251,1.03705
8,0.0178975,1,-0.0370549,1.06601,1.006
9,0.0201347,1,-0.00599517,1.06141,0.991314
10,0.0223719,1,0.00868597,1.03554,0.988885
